NumberOfExample,AverageQuadraticErrorTest,AverageQuadraticErrorLearning,MistakePerEpochTest,MistakePerEpochLearning
0.0,186.25293931664436,186.20886091517343,91.26666666666667,91.06666666666666
5000.0,33.40863806980787,33.56106219386025,42.875,43.735416666666666
10000.0,24.299959340003394,24.59410547815323,27.325,27.670833333333334
15000.0,19.871693609892795,20.454837205478853,19.833333333333332,20.689583333333335
20000.0,18.229133153961364,18.75228888811318,20.075000000000003,20.964583333333334
25000.0,17.487553104512518,18.008356906718586,17.808333333333334,18.6
30000.0,15.514696494096267,16.22112701561701,17.058333333333334,18.154166666666665
35000.0,15.450289253666295,16.144209172485986,16.833333333333332,17.777083333333334
40000.0,15.225752896173475,15.807721031883446,16.616666666666667,17.1625
45000.0,14.098929815768393,14.49675352759829,16.183333333333334,16.40833333333333
50000.0,13.297474540925446,13.853064729305103,15.433333333333332,16.302083333333332
55000.0,13.667309550552401,14.134974388109637,15.416666666666668,15.895833333333334
60000.0,13.747568886122592,14.164547295630427,15.683333333333332,16.21875
65000.0,12.974719905975963,13.573335805289188,15.541666666666668,16.28333333333333
70000.0,12.973715782122754,13.597920700627512,15.299999999999999,16.05
75000.0,13.261837550037757,13.802643296124668,15.941666666666668,16.48125
80000.0,12.915133999895726,13.321335999379198,15.916666666666668,16.504166666666666
85000.0,12.879437590771174,13.34657543348971,15.791666666666668,16.308333333333334
90000.0,12.352215395177891,12.876954084013532,15.166666666666668,15.831249999999999
95000.0,12.674278930985942,13.215564402004928,15.466666666666667,15.879166666666666
100000.0,12.502100440212697,12.970561199608365,15.033333333333335,15.752083333333333
105000.0,12.414243484764485,13.082275516085842,14.783333333333335,15.681249999999999
110000.0,12.39045370674121,12.985662549977665,14.991666666666667,15.837499999999999
115000.0,12.949585694528295,13.561052230088801,16.041666666666668,16.950000000000003
120000.0,12.113201626008859,12.599775184287163,15.008333333333335,15.63125
125000.0,12.001343062133321,12.515325013517554,14.7,15.435416666666665
130000.0,11.9515941281672,12.453850947357008,14.633333333333335,15.270833333333334
135000.0,12.362905871710549,12.924806620726525,14.866666666666667,15.697916666666668
140000.0,12.146900466658472,12.496138694426548,15.208333333333332,15.7
145000.0,12.113222014145153,12.574023193120127,14.508333333333335,14.975
150000.0,12.0105160171136,12.381846276506927,14.625,15.039583333333335
155000.0,12.582983174969383,12.810574805138705,15.258333333333333,15.472916666666666
160000.0,11.651855182341608,12.156898568751236,14.099999999999998,14.885416666666668
165000.0,11.700971697254161,12.347451674432643,13.991666666666665,15.135416666666668
170000.0,11.724082868556563,12.175542649425356,14.208333333333334,14.779166666666665
175000.0,11.485660982473247,12.050731173470808,13.883333333333333,14.702083333333333
180000.0,11.233292965461974,11.763119635355828,13.508333333333333,14.2125
185000.0,11.639653344099537,12.15357456195623,14.108333333333334,14.55625
190000.0,11.75923610118526,12.335896255002378,14.241666666666667,14.860416666666667
195000.0,11.481765894897535,11.914679682718091,14.033333333333333,14.433333333333334
0.0,196.7457857589654,196.73645382180774,88.88333333333334,88.57916666666667
5000.0,35.47530154032529,35.55018394384776,45.475,46.233333333333334
10000.0,25.68711443386757,26.052525440951683,29.849999999999998,30.933333333333334
15000.0,21.261413520963398,21.71811816837259,21.4,22.877083333333335
20000.0,19.012038993235684,19.56674078934156,18.791666666666668,20.091666666666665
25000.0,17.667080073230764,18.406547106433997,18.158333333333335,19.66875
30000.0,16.27509176592382,17.036092286699763,17.683333333333334,18.87708333333333
35000.0,15.908419285714666,16.40621883272288,17.233333333333334,17.964583333333334
40000.0,16.18124447993514,16.94258831544214,18.066666666666666,18.9375
45000.0,15.05547399299943,15.792497523505242,17.4,18.3125
50000.0,13.924778036823673,14.524550537465469,16.083333333333332,17.09583333333333
55000.0,13.328923319029759,13.811374824927222,15.35,16.077083333333334
60000.0,13.722243789510294,14.258355202590389,15.941666666666668,16.741666666666667
65000.0,14.05562090007314,14.661200890970822,16.791666666666664,17.747916666666665
70000.0,13.257761194871723,13.864129313427101,15.791666666666668,16.816666666666666
75000.0,13.742766174992708,14.444043771312945,16.066666666666666,16.989583333333332
80000.0,13.180317331742792,13.688624495950435,15.55,16.072916666666668
85000.0,12.68429745601022,13.242110691104164,14.966666666666667,15.916666666666668
90000.0,13.25089560209261,13.824884861249576,15.55,16.24791666666667
95000.0,13.191941075270918,13.736069134808442,15.541666666666668,16.445833333333333
100000.0,13.00378978145226,13.582516585986633,15.825,16.583333333333332
105000.0,12.864227380949888,13.299538342702249,15.675,16.25625
110000.0,12.148045151884688,12.664398229632798,14.575,15.156249999999998
115000.0,12.751484561228848,13.349208989332073,15.091666666666667,16.020833333333336
120000.0,12.22858914073051,12.656554733886304,14.808333333333334,15.316666666666666
125000.0,11.987708417457005,12.396755101648562,14.424999999999999,15.079166666666666
130000.0,11.87097451793203,12.391758085997077,14.783333333333335,15.579166666666666
135000.0,12.032173087566836,12.406806394521242,14.975,15.347916666666666
140000.0,11.830240358333281,12.281009748814313,14.458333333333334,15.125
145000.0,12.524792033626012,12.898661596649777,15.158333333333331,15.437500000000002
150000.0,12.451101305916252,12.867920636379967,14.75,15.239583333333334
155000.0,12.06560646518928,12.35713679292876,14.633333333333335,14.806250000000002
160000.0,11.738273577757157,12.200719767126165,14.358333333333334,15.008333333333335
165000.0,11.921524065408336,12.548655169370912,14.325,15.472916666666666
170000.0,11.418049499976089,11.964655255843105,13.908333333333333,14.604166666666666
175000.0,11.626710966845607,12.146741700025936,13.975000000000001,14.79375
180000.0,11.57782266240755,12.016571566951734,13.558333333333334,14.102083333333335
185000.0,11.87588185269155,12.459098498824384,14.116666666666667,15.166666666666668
190000.0,11.718013343756096,12.279365273497428,14.241666666666667,14.889583333333334
195000.0,11.88167057537543,12.370004897396928,14.558333333333334,15.25
0.0,190.35127036938317,190.21310990914537,86.95,87.40416666666667
5000.0,40.178163381240715,40.21250822381666,47.75833333333333,48.57083333333333
10000.0,30.676545020998823,30.926591749130587,40.88333333333333,41.9375
15000.0,24.67780191386761,25.111447153998157,29.15,30.179166666666667
20000.0,21.746357864734247,22.29893252490544,23.133333333333333,24.179166666666667
25000.0,19.265120905056047,19.876476917752484,19.008333333333333,20.227083333333333
30000.0,17.9884585856146,18.67756263159667,18.4,19.708333333333332
35000.0,16.666017674931037,17.427623601340148,17.95,19.047916666666666
40000.0,15.431045146273025,16.284703630012764,17.391666666666666,18.410416666666666
45000.0,15.104884995450368,15.741543322301476,16.675,17.549999999999997
50000.0,15.168276598333671,15.71045111228336,16.925,17.6125
55000.0,15.03621015360844,15.56124064829702,16.566666666666666,17.177083333333336
60000.0,14.28680247781232,14.80332701774586,16.333333333333332,17.191666666666666
65000.0,14.902193802428924,15.35184822158342,18.033333333333335,18.458333333333332
70000.0,14.171798926573908,14.684705517622337,16.483333333333334,17.079166666666666
75000.0,13.979473027395773,14.481827921532469,16.891666666666666,17.47083333333333
80000.0,13.95218399450305,14.386417294245495,16.783333333333335,17.08125
85000.0,13.50024819976365,13.956421186954115,15.608333333333333,16.427083333333332
90000.0,13.41199558732828,13.935610818727294,15.166666666666668,16.15625
95000.0,12.938025561175568,13.308788314454784,15.341666666666667,15.885416666666666
100000.0,12.54740528817615,13.03003780368314,15.0,15.99375
105000.0,12.826510343740722,13.272258561488389,15.375,15.952083333333334
110000.0,12.804513092358421,13.277694010978975,15.666666666666668,16.125
115000.0,12.936319797460188,13.375270458024776,15.641666666666667,16.375
120000.0,12.808629085303677,13.114889122003145,15.633333333333333,15.808333333333332
125000.0,12.528651125347784,13.072039108840366,15.308333333333332,15.85
130000.0,12.47847880888365,13.025091213170406,14.866666666666667,15.662499999999998
135000.0,12.240028431410295,12.786781508705868,14.891666666666667,15.354166666666666
140000.0,12.006709396191498,12.444373894200416,14.691666666666666,15.210416666666667
145000.0,12.081854223319139,12.452787396049334,15.166666666666668,15.34375
150000.0,12.19257716055166,12.59457576018646,14.549999999999999,15.208333333333332
155000.0,12.400099631630642,12.902187829559383,14.95,15.422916666666667
160000.0,11.992737499004162,12.419699709271363,14.541666666666666,15.260416666666668
165000.0,11.627860595415983,12.108854722475874,14.000000000000002,14.8125
170000.0,12.322234976718484,12.90346021609627,14.725,15.552083333333332
175000.0,12.282464473517955,12.873826094696058,14.666666666666666,15.454166666666666
180000.0,11.817188840626795,12.259224950520716,14.366666666666667,14.972916666666666
185000.0,11.682895208260295,12.084251667414508,14.366666666666667,14.789583333333333
190000.0,11.594058111688058,11.982684164730175,14.191666666666666,14.61875
195000.0,11.812316299074466,12.174413137264334,14.258333333333335,14.841666666666667
0.0,187.47987609699337,187.57166685915604,90.55,90.3875
5000.0,37.60380795203198,37.68291742191143,58.825,59.02708333333333
10000.0,27.683241309039026,28.045819495533518,30.90833333333333,32.954166666666666
15000.0,21.396957880419194,21.938155387874176,20.7,22.18958333333333
20000.0,18.276919534022344,18.94495224513512,18.158333333333335,19.354166666666668
25000.0,17.021659250965232,17.64234139571812,17.158333333333335,18.122916666666665
30000.0,16.154710476960652,16.779371925148737,17.625,18.566666666666666
35000.0,16.222653171999553,16.95699342763305,17.858333333333334,19.191666666666666
40000.0,14.966344646420628,15.660399420652125,16.175,17.214583333333334
45000.0,14.3355219780968,15.058304515027995,15.958333333333332,17.075000000000003
50000.0,14.59551809774567,15.247280360455914,16.608333333333334,17.4
55000.0,14.428781922585356,14.965950000288577,16.341666666666665,17.0875
60000.0,13.505116929146455,14.02112104880918,16.083333333333332,16.59375
65000.0,13.436777808629067,13.991859613433814,15.825,16.729166666666668
70000.0,13.760875099130734,14.364402846180695,16.125,17.01875
75000.0,13.418082547616834,14.037160121894221,15.641666666666667,16.620833333333334
80000.0,12.893210606546656,13.447769733647105,15.6,16.308333333333334
85000.0,13.246758609953325,13.737191995667446,15.708333333333332,16.435416666666665
90000.0,12.85761210008785,13.35220687448984,15.45,15.74375
95000.0,13.291366102017173,13.678868011679368,15.933333333333334,16.52916666666667
100000.0,12.871308545331958,13.416541526235243,15.174999999999999,16.025
105000.0,12.846946048640095,13.453441526813235,15.166666666666668,16.066666666666666
110000.0,12.839943234238163,13.287365699791248,15.266666666666667,15.864583333333334
115000.0,12.423461970501823,12.94134960146018,14.941666666666666,15.797916666666667
120000.0,12.147000302922335,12.556337926547567,14.566666666666666,15.020833333333334
125000.0,12.159781136658635,12.676964180854341,14.299999999999999,15.085416666666667
130000.0,12.056080296475036,12.384935917101233,14.933333333333335,15.104166666666666
135000.0,11.971300836026298,12.501696900980145,14.299999999999999,15.164583333333335
140000.0,11.718249375008721,12.0431810676899,14.458333333333334,14.71875
145000.0,11.866554917700741,12.175941226937956,14.633333333333335,14.956249999999999
150000.0,11.915817638982432,12.359208842834772,14.341666666666667,14.924999999999999
155000.0,12.329538495910294,12.731268909916032,15.041666666666668,15.38125
160000.0,11.500753787552826,11.926029764719303,13.758333333333333,14.535416666666666
165000.0,11.867053615803568,12.4089869353842,14.224999999999998,15.177083333333332
170000.0,11.57032280895407,11.982492543757054,14.325,14.554166666666667
175000.0,11.982480331519614,12.321329614962181,14.674999999999999,15.031249999999998
180000.0,11.70897023263543,12.19235557370939,14.191666666666666,14.947916666666666
185000.0,11.466606063780379,11.941189746006586,14.158333333333333,14.591666666666667
190000.0,11.702597097556861,12.123883258430736,14.391666666666666,15.0875
195000.0,11.50017370001504,11.96246670417712,14.241666666666667,14.702083333333333
0.0,197.37295123728177,197.46706702472872,85.475,85.60208333333334
5000.0,39.56554745677691,39.569836672005806,56.68333333333333,56.73541666666667
10000.0,29.712682932359424,30.007517159515835,37.425000000000004,38.264583333333334
15000.0,23.040525031253942,23.538901810108598,25.266666666666666,26.366666666666667
20000.0,20.232060930058765,20.85108816365391,20.166666666666664,21.391666666666666
25000.0,18.389596024394265,19.070797811856625,19.041666666666668,19.9625
30000.0,17.08743604509744,17.787395774689475,18.125,19.38958333333333
35000.0,16.72398442803933,17.374824970264537,17.833333333333336,19.15833333333333
40000.0,14.953528059886626,15.916027591541223,16.275000000000002,18.331249999999997
45000.0,15.166946588143915,15.83518287737328,17.066666666666666,17.829166666666666
50000.0,15.040036382955545,15.548378586206296,17.150000000000002,17.939583333333335
55000.0,13.760031545563026,14.34067627230187,15.808333333333332,16.62291666666667
60000.0,14.138167468844967,14.787394678421972,16.716666666666665,17.891666666666666
65000.0,13.299334545435562,13.927435404043505,15.583333333333332,16.647916666666667
70000.0,13.789531192311767,14.4421406311876,15.9,16.789583333333333
75000.0,13.53731252367609,14.048324739091333,15.933333333333334,16.48125
80000.0,13.037850245571148,13.601214169734973,15.516666666666667,16.31875
85000.0,13.0659485329357,13.522047615631367,15.241666666666667,15.818750000000001
90000.0,13.067732328070718,13.70881135230954,15.316666666666666,16.08125
95000.0,13.020312531329456,13.55364288745984,15.7,16.15833333333333
100000.0,12.686981900969974,13.221442017245275,15.291666666666668,15.958333333333332
105000.0,12.06761540536269,12.554834997271543,14.583333333333334,15.227083333333333
110000.0,12.01425401676947,12.570853262811612,14.7,15.258333333333333
115000.0,12.433162611811365,13.070572468243244,14.475,15.608333333333333
120000.0,12.389378699829486,12.942832696607034,15.216666666666667,15.772916666666667
125000.0,12.243794750875669,12.610707325816156,14.808333333333334,15.233333333333333
130000.0,12.477336086815438,13.006719580753575,15.125,15.947916666666668
135000.0,12.033672102154904,12.48051910753615,14.549999999999999,15.022916666666667
140000.0,11.85830206591341,12.422796428238387,14.341666666666667,15.202083333333333
145000.0,11.622111660301597,12.07499055601367,13.8,14.727083333333333
150000.0,12.038035046961456,12.453933442372414,14.658333333333335,15.075
155000.0,12.062993030242252,12.374743820459488,14.424999999999999,14.652083333333332
160000.0,11.348870073739208,11.867975705524545,13.641666666666666,14.352083333333333
165000.0,11.516568725990375,11.976421713122349,14.241666666666667,14.914583333333335
170000.0,11.667925479487602,12.220378727510127,14.299999999999999,15.110416666666667
175000.0,11.50660843002253,11.969476004867275,14.191666666666666,14.591666666666667
180000.0,11.677635086099148,12.055875613373011,14.291666666666666,14.789583333333333
185000.0,11.884301423095152,12.36932684172682,14.583333333333334,15.147916666666667
190000.0,11.398798760523398,11.723736852914751,14.083333333333334,14.497916666666665
195000.0,11.213736908992168,11.579330717008322,13.758333333333333,14.208333333333334
0.0,186.35839132837862,186.4390190383661,90.35833333333333,90.04583333333333
5000.0,40.256795919350054,40.343287538022246,56.325,56.68541666666667
10000.0,29.45837502936054,29.75912632767679,33.83333333333333,34.75
15000.0,22.53593954688261,23.030359867821566,22.916666666666664,24.470833333333335
20000.0,20.06962419104374,20.607453193301208,20.033333333333335,20.5625
25000.0,18.911226210450096,19.57487121276745,18.833333333333332,19.895833333333332
30000.0,16.573183063733417,17.164675645458985,17.325,18.014583333333334
35000.0,15.265455215705423,15.797268653919271,16.7,17.41875
40000.0,15.5612482399394,16.16427451309409,17.091666666666665,17.925
45000.0,14.290366264386106,14.895411600929368,15.841666666666669,16.9125
50000.0,14.838832191610566,15.351402646084395,16.858333333333334,17.870833333333334
55000.0,13.783559595365535,14.405089524853466,15.775,16.608333333333334
60000.0,14.298160049863764,14.875001515449732,16.758333333333333,17.372916666666665
65000.0,14.387830003134198,15.021768859896383,16.816666666666666,18.0375
70000.0,14.416989115639545,14.967040836690368,16.416666666666664,17.147916666666667
75000.0,13.625549489787398,14.189881112428033,15.491666666666667,16.34375
80000.0,13.093765765046312,13.534231613663236,15.691666666666668,16.322916666666668
85000.0,13.162753339675277,13.705185942882714,15.258333333333333,16.172916666666666
90000.0,13.217979250717612,13.771841543404529,15.491666666666667,16.01875
95000.0,13.344681434419686,13.859520135055831,16.241666666666667,16.702083333333334
100000.0,12.862230135104916,13.32503301714456,15.049999999999999,15.904166666666667
105000.0,13.024452743002996,13.573381789700962,15.466666666666667,16.49375
110000.0,12.655874087748225,13.16029849070178,15.341666666666667,15.870833333333334
115000.0,12.556117848963677,12.985988225504899,15.183333333333332,15.687499999999998
120000.0,12.344960962172335,12.686991618065363,15.066666666666666,15.264583333333334
125000.0,12.71092299400437,13.27431430303946,15.375,16.3125
130000.0,12.108601187555056,12.573828400717693,14.866666666666667,15.354166666666666
135000.0,12.533878064406839,13.019826296601941,15.575,15.916666666666668
140000.0,12.768584843172045,13.424149816707285,15.375,16.287499999999998
145000.0,12.08755657779015,12.408748136209146,14.866666666666667,15.227083333333333
150000.0,12.354850568751774,12.65867134419641,15.216666666666667,15.395833333333334
155000.0,12.433823076537386,12.824428386967982,14.825,15.154166666666665
160000.0,12.466426864908168,12.795160890695215,15.049999999999999,15.23125
165000.0,12.226884647457151,12.745321831173381,14.783333333333335,15.525
170000.0,12.138890750842002,12.759909494845404,14.933333333333335,15.729166666666666
175000.0,12.377015639026615,12.914855752909975,15.158333333333331,15.920833333333334
180000.0,11.898197208140012,12.363558216114201,14.558333333333334,15.39375
185000.0,11.795048873913816,12.220218081000073,14.6,14.872916666666667
190000.0,11.865423258776882,12.40252758584714,14.625,15.141666666666667
195000.0,11.643087690243993,12.058940260762506,14.633333333333335,15.24375
0.0,189.49771056358148,189.52097173173198,91.30833333333334,91.60208333333333
5000.0,38.32194415371772,38.46491469380794,48.3,49.079166666666666
10000.0,27.31825412007836,27.653886279910378,29.916666666666668,31.366666666666664
15000.0,21.9686315659046,22.48835675299311,21.458333333333332,22.841666666666665
20000.0,19.862592953136968,20.51729542950331,20.666666666666668,21.987499999999997
25000.0,18.195633339251422,18.887924452301082,18.083333333333336,19.583333333333332
30000.0,15.846305257144506,16.35350335148514,16.758333333333333,17.622916666666665
35000.0,15.30871669850149,16.041134014477826,15.933333333333334,17.129166666666666
40000.0,14.877683728181992,15.534194828840025,16.308333333333334,17.325
45000.0,14.575556739610185,15.186713859857193,16.491666666666667,17.4125
50000.0,14.197480504567004,14.822109433739767,16.566666666666666,17.333333333333336
55000.0,13.59503002224185,14.097836542268457,15.950000000000001,16.660416666666666
60000.0,14.38034443880988,15.028826030533162,16.900000000000002,17.7875
65000.0,13.21920876431201,13.770024123048344,15.358333333333333,16.460416666666667
70000.0,13.640030395876076,14.257936010370553,16.225,17.010416666666668
75000.0,13.149965933756233,13.739423883934407,15.975,16.53125
80000.0,13.014148992915517,13.64601824064773,15.299999999999999,16.308333333333334
85000.0,13.03105301266633,13.664306262926909,15.341666666666667,16.297916666666666
90000.0,12.415072428463938,13.036022610427182,14.908333333333335,15.402083333333334
95000.0,12.777446166206218,13.442581222879191,15.166666666666668,15.98125
100000.0,12.541128690348186,13.067072573127325,14.533333333333335,15.447916666666666
105000.0,12.46670837495354,12.91675009081131,14.558333333333334,15.081249999999999
110000.0,11.771895345862339,12.276668850054943,14.616666666666667,15.079166666666666
115000.0,12.455547433430095,12.938681219072928,15.016666666666667,15.620833333333334
120000.0,12.558564736416347,13.176352531932196,14.633333333333335,15.681249999999999
125000.0,11.611835816532837,12.152977651891685,14.166666666666666,14.787500000000001
130000.0,11.73347802647204,12.2406539141085,14.05,14.681250000000002
135000.0,12.217487893226274,12.697876765190447,14.958333333333334,15.572916666666666
140000.0,11.712335459067209,12.24757319230814,14.333333333333334,14.99375
145000.0,11.352808071669433,12.033061008291991,13.741666666666665,14.660416666666668
150000.0,11.620526038578845,12.157630445795906,14.216666666666667,14.497916666666665
155000.0,11.771180102400013,12.179788217309568,14.325,14.660416666666668
160000.0,11.76357358338518,12.125856251736108,14.083333333333334,14.656250000000002
165000.0,11.995043533681866,12.472486249300495,14.458333333333334,15.164583333333335
170000.0,11.798049178258472,12.180427170842815,14.116666666666667,14.710416666666667
175000.0,12.072589041064063,12.616241318320093,14.541666666666666,15.24375
180000.0,12.016724844831588,12.434628090343244,14.274999999999999,14.787500000000001
185000.0,11.690886709115981,12.068258602677854,14.108333333333334,14.533333333333335
190000.0,11.20208545485681,11.620468267696115,13.475000000000001,14.104166666666668
195000.0,11.298390224332607,11.750050390954629,13.750000000000002,14.354166666666668
0.0,192.54438823534403,192.12103889333113,89.61666666666666,90.20416666666667
5000.0,35.743194584308405,35.91113843476847,50.06666666666667,50.645833333333336
10000.0,26.96605290286523,27.362534938988443,32.18333333333334,32.73125
15000.0,22.24024942303826,22.735333159879158,24.53333333333333,26.310416666666665
20000.0,19.479994027628532,20.046169179375138,19.941666666666666,20.904166666666665
25000.0,17.4296125137661,18.02496994717857,17.375,18.520833333333332
30000.0,16.592691208389134,17.19394719395766,17.675,18.62291666666667
35000.0,16.817184340340383,17.209466826377145,17.866666666666667,18.539583333333333
40000.0,15.530530933233491,16.188564292751977,17.741666666666667,18.862499999999997
45000.0,15.287583400671934,15.788461532959916,16.883333333333333,17.53125
50000.0,14.858738790793819,15.469391137134942,16.433333333333334,17.472916666666666
55000.0,14.08063007139169,14.528303125292025,16.375,16.885416666666668
60000.0,13.725370807840118,14.287565633430379,15.325,16.177083333333332
65000.0,13.730498255070342,14.4024350571744,15.75,16.70625
70000.0,14.130897256390554,14.86305280781097,16.566666666666666,17.777083333333334
75000.0,13.769945950773439,14.245677609372182,15.7,16.339583333333334
80000.0,13.250538599127731,13.836515748178682,15.516666666666667,16.391666666666666
85000.0,13.150219249798656,13.804547868042594,14.891666666666667,15.985416666666666
90000.0,13.040583078646979,13.695490750629757,15.233333333333333,16.295833333333334
95000.0,13.383543899594693,13.871072415401562,15.758333333333333,16.475
100000.0,13.344365968899222,13.962580388120797,15.508333333333333,16.477083333333333
105000.0,12.999463400956273,13.644752080665063,15.266666666666667,16.40416666666667
110000.0,12.417636478771534,13.07951939729643,14.866666666666667,15.616666666666667
115000.0,12.31178141643763,12.785091001868668,15.075,15.491666666666667
120000.0,12.521172898757193,12.963908846013567,15.191666666666666,15.629166666666666
125000.0,11.986477618107907,12.519577022330802,14.35,15.052083333333332
130000.0,12.403518710897641,13.10629116316301,14.75,15.827083333333333
135000.0,12.577905596388394,13.034360659483573,14.883333333333335,15.504166666666666
140000.0,12.239991944393607,12.707773667441536,14.683333333333334,15.325
145000.0,11.82341285927675,12.37547648177147,14.158333333333333,14.902083333333332
150000.0,11.809861968829626,12.219483751843937,13.991666666666665,14.637500000000001
155000.0,11.608912049879674,11.988506061549346,14.008333333333333,14.397916666666665
160000.0,11.42193830962438,11.81139122117007,13.858333333333334,14.508333333333335
165000.0,11.83817572591113,12.24545903684666,14.358333333333334,14.9875
170000.0,11.332834018948175,11.782270732791158,13.441666666666666,14.291666666666666
175000.0,11.15630072500667,11.654256824158779,13.566666666666666,14.416666666666666
180000.0,11.736480682447468,12.099215968591512,13.8,14.31875
185000.0,11.265793900345662,11.675884427880451,13.633333333333333,14.272916666666665
190000.0,11.793004427087967,12.080429049763026,14.2,14.49375
195000.0,11.290720643230179,11.593196992051313,13.433333333333334,14.079166666666667
0.0,196.976613771388,196.89719725237225,89.29166666666667,89.35625
5000.0,38.9333842082503,39.076514501824626,54.325,54.8125
10000.0,28.139486904765356,28.43811642540523,31.474999999999998,32.77916666666666
15000.0,22.36886428934604,22.917697771695256,21.6,22.92083333333333
20000.0,19.79360093412766,20.281740100685163,20.983333333333334,21.59375
25000.0,18.806471390349937,19.508063477781366,18.625,19.977083333333333
30000.0,17.39979820892423,17.919519941129636,18.983333333333334,19.510416666666668
35000.0,16.19075912764776,16.7011062431881,18.366666666666667,18.835416666666667
40000.0,15.580376007223789,16.200953416013046,17.083333333333332,18.047916666666666
45000.0,15.049453369690347,15.611290716872245,16.991666666666667,18.004166666666666
50000.0,14.574823761906952,15.131616892739261,16.558333333333334,17.36875
55000.0,13.919257523597581,14.620647101144158,15.983333333333333,17.09375
60000.0,13.233309441609928,13.85629855388327,15.4,16.152083333333334
65000.0,13.097407881193817,13.727654839536424,15.1,15.9125
70000.0,13.016102309300814,13.497911120154502,15.441666666666668,16.097916666666666
75000.0,13.128373387833747,13.596534734498075,15.433333333333332,16.102083333333333
80000.0,12.867744179651613,13.344295347957544,15.283333333333331,15.870833333333334
85000.0,12.436687508179379,13.048413079727277,14.899999999999999,15.379166666666666
90000.0,12.389431760807595,12.887989954826152,14.958333333333334,15.441666666666668
95000.0,12.52393613450176,12.885521004629034,15.208333333333332,15.491666666666667
100000.0,12.717460040529307,13.127798470368617,15.1,15.48125
105000.0,12.14874268686653,12.562509355030318,14.424999999999999,15.202083333333333
110000.0,12.31296337900789,12.707003891839147,14.025000000000002,14.502083333333331
115000.0,12.045305162668711,12.313253307667544,14.733333333333334,14.83125
120000.0,12.6992335110465,12.951793047112076,15.233333333333333,15.383333333333333
125000.0,11.878586611712018,12.170773475067008,14.341666666666667,14.762500000000001
130000.0,12.155368496808109,12.451622291149361,14.725,14.839583333333334
135000.0,12.604356894353835,13.036982692313199,15.375,15.695833333333335
140000.0,11.803905418966917,12.184658176598022,14.099999999999998,14.783333333333335
145000.0,12.122600766793818,12.467339258908224,14.475,14.752083333333331
150000.0,12.15345404612508,12.3791684844806,14.508333333333335,14.708333333333334
155000.0,12.678797959492776,12.962789570633864,14.916666666666668,15.145833333333334
160000.0,12.222950544385599,12.34376332346761,14.899999999999999,14.960416666666667
165000.0,12.21729572918589,12.563196672540688,14.533333333333335,15.01875
170000.0,12.216975194516479,12.514190747089593,14.575,14.929166666666665
175000.0,11.793128874061338,12.042899544278626,14.533333333333335,14.808333333333334
180000.0,11.733860124171493,12.128444656069098,14.008333333333333,14.558333333333334
185000.0,12.16479640544746,12.575768872027812,14.733333333333334,15.085416666666667
190000.0,11.393818052128376,11.751378196199811,14.05,14.091666666666667
195000.0,11.715765047448102,12.147080990398784,14.283333333333333,14.466666666666667
0.0,197.0482518630855,196.90627816444646,92.85,93.15208333333334
5000.0,38.89804274862342,39.01262034674568,51.56666666666667,52.045833333333334
10000.0,28.103861229571713,28.452291818833185,31.433333333333337,32.48125
15000.0,21.665905838728175,22.278373796409788,21.083333333333336,22.704166666666666
20000.0,19.03199182398798,19.773334919680977,19.475,20.864583333333332
25000.0,17.924373988588034,18.44662634705824,19.341666666666665,20.252083333333335
30000.0,16.92906280084678,17.477212191532466,17.366666666666667,18.510416666666664
35000.0,15.812373387061033,16.477033358939202,17.508333333333333,18.756249999999998
40000.0,15.270819496728352,15.963192649766489,16.55,17.754166666666666
45000.0,14.791343819366656,15.41603386286311,17.058333333333334,17.858333333333334
50000.0,14.165961139805482,14.800185728921214,16.400000000000002,17.15625
55000.0,13.958700965861162,14.502449475601678,16.308333333333334,16.964583333333334
60000.0,13.674260834282116,14.260406967666398,15.866666666666667,16.770833333333332
65000.0,13.01989295116514,13.623445204309542,15.458333333333332,16.145833333333336
70000.0,12.62696342115159,13.148294167386224,14.916666666666668,15.652083333333334
75000.0,12.808970146855991,13.326428684176317,15.766666666666667,16.327083333333334
80000.0,12.620667211016437,13.333525894546103,14.875,16.12291666666667
85000.0,12.827994723792338,13.59210962280753,15.2,16.368750000000002
90000.0,12.178552558315138,12.701211542954324,14.924999999999999,15.293750000000001
95000.0,12.462021928923905,12.929889535195658,15.041666666666668,15.477083333333333
100000.0,12.045044848736895,12.675633124646456,14.483333333333334,15.6
105000.0,11.993626641363434,12.528743802628044,14.108333333333334,15.016666666666667
110000.0,12.265778532068905,12.709516178786501,14.524999999999999,15.064583333333333
115000.0,11.743052639260561,12.206647327095935,14.299999999999999,14.760416666666668
120000.0,11.934531026052774,12.517431149100384,14.316666666666666,14.997916666666667
125000.0,12.016649584741026,12.556140300491386,14.291666666666666,15.164583333333335
130000.0,11.419201981656574,11.884392651012865,13.983333333333334,14.74375
135000.0,12.31211851506874,12.86774539785237,14.674999999999999,15.512500000000001
140000.0,12.098243209176681,12.65670068359888,14.6,15.416666666666668
145000.0,12.010925890588426,12.444299064475228,14.274999999999999,14.94375
150000.0,12.024285223415147,12.510012818073465,14.424999999999999,14.964583333333334
155000.0,11.996493843504433,12.373883926160726,14.233333333333334,15.079166666666666
160000.0,11.63439092878182,12.00712324207293,14.2,14.691666666666666
165000.0,11.55798969648824,11.942565845866163,14.524999999999999,14.722916666666666
170000.0,11.355821950586343,11.567950273422161,14.35,14.393749999999999
175000.0,11.282543446921894,11.66473320108891,14.174999999999999,14.445833333333333
180000.0,11.283476645333646,11.712267611028581,13.566666666666666,14.28125
185000.0,12.247037186298966,12.77678437479041,14.508333333333335,15.283333333333331
190000.0,11.942045991627856,12.393335235447832,14.45,15.227083333333333
195000.0,11.737263572777703,12.063141681059525,14.391666666666666,14.783333333333335
